<?xml version="1.0"?>
<content collectionGUID="9DE338AC-EB73-4D44-B11F-50ACD1654441">
  <lastEdited clientType="local-build-20120726" date="2012-07-26 10:48:55 +0000"/>
  <textBox id="generic-title-attributes" dynamic="no" visible="yes">
    <richText>&lt;b&gt;&#x39F;&#x3B9; &#x3C3;&#x3BA;&#x3AD;&#x3C8;&#x3B5;&#x3B9;&#x3C2; &#x3BC;&#x3B1;&#x3C2;, &#x3BF; &#x3C3;&#x3C4;&#x3CC;&#x3C7;&#x3BF;&#x3C2; &#x3BC;&#x3B1;&#x3C2;...&lt;/b&gt;</richText>
  </textBox>
  <textBox id="generic-datefield-attributes" dynamic="no" visible="yes">
    <richText>&lt;b&gt;15/12/10&lt;/b&gt;</richText>
  </textBox>
  <textBox id="generic-body-attributes" dynamic="no" visible="yes">
    <richText>&lt;b&gt;&#x3A3;&#x3B1;&#x3C2; &#x3BA;&#x3B1;&#x3BB;&#x3C9;&#x3C3;&#x3BF;&#x3C1;&#x3AF;&#x3B6;&#x3BF;&#x3C5;&#x3BC;&#x3B5; &#x3C3;&#x3C4;&#x3BF; blog &#x3C4;&#x3B7;&#x3C2; &#x3A4;&#xB3;. &#x3A3;&#x3C4;&#x3BF; &#x3C4;&#x3BC;&#x3AE;&#x3BC;&#x3B1; &#x3B1;&#x3C5;&#x3C4;&#x3CC; &#x3C4;&#x3B7;&#x3C2; &#x3B9;&#x3C3;&#x3C4;&#x3BF;&#x3C3;&#x3B5;&#x3BB;&#x3AF;&#x3B4;&#x3B1;&#x3C2; &#x3BC;&#x3B1;&#x3C2; &#x3B8;&#x3B1; &#x3C0;&#x3C1;&#x3BF;&#x3C3;&#x3C0;&#x3B1;&#x3B8;&#x3AE;&#x3C3;&#x3BF;&#x3C5;&#x3BC;&#x3B5; &#x3BD;&#x3B1; &#x201C;&#x3C1;&#x3AF;&#x3BE;&#x3BF;&#x3C5;&#x3BC;&#x3B5; &#x3C6;&#x3C9;&#x3C2;&#x201D; &#x3C3;&#x3B5; &#x3B8;&#x3AD;&#x3BC;&#x3B1;&#x3C4;&#x3B1; &#x3C0;&#x3BF;&#x3C5; &#x3BA;&#x3B1;&#x3C4;&#x3AC; &#x3BA;&#x3B1;&#x3B9;&#x3C1;&#x3BF;&#x3CD;&#x3C2; &#x3B1;&#x3C0;&#x3B1;&#x3C3;&#x3C7;&#x3BF;&#x3BB;&#x3BF;&#x3CD;&#x3BD; &#x3C4;&#x3B7;&#x3BD; &#x3BA;&#x3BF;&#x3B9;&#x3BD;&#x3CC;&#x3C4;&#x3B7;&#x3C4;&#x3B1; &#x3CC;&#x3C7;&#x3B9; &#x3BC;&#x3CC;&#x3BD;&#x3BF; &#x3C4;&#x3C9;&#x3BD; &#x3BC;&#x3B7;&#x3C7;&#x3B1;&#x3BD;&#x3B9;&#x3BA;&#x3CE;&#x3BD;, &#x3B1;&#x3BB;&#x3BB;&#x3AC; &#x3BA;&#x3B1;&#x3B9; &#x3C4;&#x3BF;&#x3C5; &#x3C6;&#x3AF;&#x3BB;&#x3BF;&#x3C5;, &#x3C3;&#x3C5;&#x3BD;&#x3B5;&#x3C1;&#x3B3;&#x3AC;&#x3C4;&#x3B7; &#x3BA;&#x3B1;&#x3B9; &#x3C0;&#x3BF;&#x3BB;&#x3AF;&#x3C4;&#x3B7; &#x3C0;&#x3BF;&#x3C5; &#x3C3;&#x3C5;&#x3BC;&#x3BC;&#x3B5;&#x3C4;&#x3AD;&#x3C7;&#x3B5;&#x3B9; &#x3C3;&#x3C4;&#x3BF;&#x3C5;&#x3C2; &#x3C0;&#x3C1;&#x3BF;&#x3B2;&#x3BB;&#x3B7;&#x3BC;&#x3B1;&#x3C4;&#x3B9;&#x3C3;&#x3BC;&#x3BF;&#x3CD;&#x3C2; &#x3BC;&#x3B1;&#x3C2;. &#x395;&#x3C5;&#x3B5;&#x3BB;&#x3C0;&#x3B9;&#x3C3;&#x3C4;&#x3BF;&#x3CD;&#x3BC;&#x3B5; &#x3C3;&#x3C4;&#x3B7;&#x3BD; &#x3B5;&#x3BD;&#x3B5;&#x3C1;&#x3B3;&#x3AE; &#x3C3;&#x3C5;&#x3BC;&#x3BC;&#x3B5;&#x3C4;&#x3BF;&#x3C7;&#x3AE; &#x3C3;&#x3B1;&#x3C2; &#x3BA;&#x3B1;&#x3B9; &#x3C3;&#x3C4;&#x3BF;&#x3BD; &#x3B5;&#x3C0;&#x3BF;&#x3B9;&#x3BA;&#x3BF;&#x3B4;&#x3BF;&#x3BC;&#x3B7;&#x3C4;&#x3B9;&#x3BA;&#x3CC; &#x3C3;&#x3C7;&#x3BF;&#x3BB;&#x3B9;&#x3B1;&#x3C3;&#x3BC;&#x3CC; &#x3C3;&#x3B1;&#x3C2; &#x3C3;&#x3B5; &#x3C4;&#x3AD;&#x3C4;&#x3BF;&#x3B9;&#x3BF; &#x3B2;&#x3B1;&#x3B8;&#x3BC;&#x3CC; &#x3C0;&#x3BF;&#x3C5; &#x3B5;&#x3BB;&#x3C0;&#x3AF;&#x3B6;&#x3BF;&#x3C5;&#x3BC;&#x3B5; &#x3BD;&#x3B1; &#x3AD;&#x3C7;&#x3BF;&#x3C5;&#x3BC;&#x3B5; &#x3BA;&#x3AC;&#x3C4;&#x3B9; &#x3BD;&#x3B1; &#x3C0;&#x3C1;&#x3BF;&#x3C3;&#x3C6;&#x3AD;&#x3C1;&#x3BF;&#x3C5;&#x3BC;&#x3B5; &#x3C3;&#x3B5; &#x3CC;&#x3BB;&#x3BF;&#x3C5;&#x3C2;.&lt;/b&gt;</richText>
  </textBox>
</content>
