<?xml version="1.0" encoding="UTF-8"?>
<rss xmlns:iphoto="urn:iphoto:property" xmlns:iweb="http://www.apple.com/iweb" version="2.0">
  <channel>
    <title>investments_a_nikokleous</title>
    <link>http://www.tourtouras.info/T3/investments_a_nikokleous.html</link>
    <description>Διαμέρισμα οδού Νικοκλέους 5 - Ενδεικτικές φωτογραφίες και φωτορεαλισμοί

Παραθέτουμε μια ενδεικτική συλλογή φωτογραφιών που απεικονίζουν το διαμέρισμα. Για μεγέθυνση των μικρογραφιών και μια γρήγορη παρουσίαση επιλέξτε τον υπερσύνδεσμο “Play Slideshow” και ακολουθήστε τις οδηγίες στην οθόνη σας. Για περισσότερες λεπτομέρειες και πληροφορίες μη διστάσετε να επικοινωνήστε με την εταιρία μας επιλέγοντας τον αντίστοιχο σύνδεσμο από το μενού επιλογών.

--

Σημείωση: Οι φωτογραφίες διέπονται από την νομοθεσία περί πνευματικής ιδιοκτησίας και ως εκ τούτου δεν επιτρέπεται η χρήση τους παρά μόνο με έγγραφη άδεια του ιδιοκτήτη.












































Τ3 Κατασκευή και Ανάπτυξη Τουρτούρας Β. Φόρη 2 Κοζάνη 501 00
T3 Construction and Development Tourtouras V. Fori 2 Kozani 50100
webmaster@tourtouras.info • όροι χρήσης</description>
    <item>
      <title>Κάτοψη</title>
      <link>http://www.tourtouras.info/T3/investments_a_nikokleous.html#0</link>
      <guid isPermaLink="false">862ccc32-5a9c-43d4-9fb2-d9a5d8b85c2f</guid>
      <enclosure url="http://www.tourtouras.info/T3/investments_a_nikokleous_files/Media/00.%20floor%20plan/00.%20floor%20plan.jpg" length="73596" type="image/jpeg"/>
      <iphoto:thumbnail>http://www.tourtouras.info/T3/investments_a_nikokleous_files/Media/00.%20floor%20plan/thumb.jpg</iphoto:thumbnail>
      <iweb:micro>http://www.tourtouras.info/T3/investments_a_nikokleous_files/Media/00.%20floor%20plan/micro.jpg</iweb:micro>
      <iweb:richTitle>&lt;div style=&quot;padding: 0px; &quot; class=&quot;image_cluster_layout_style_default_External_135_15&quot;&gt;&lt;div class=&quot;image_cluster_layout_style_default&quot;&gt;&lt;p style=&quot;padding-bottom: 0pt; padding-top: 0pt; &quot; class=&quot;Caption&quot;&gt;Κάτοψη&lt;/p&gt;&lt;/div&gt;&lt;/div&gt;</iweb:richTitle>
    </item>
    <item>
      <title>Προοπτική</title>
      <link>http://www.tourtouras.info/T3/investments_a_nikokleous.html#1</link>
      <guid isPermaLink="false">2ebcb1dd-211c-4c53-bd54-bd2b6f651038</guid>
      <enclosure url="http://www.tourtouras.info/T3/investments_a_nikokleous_files/Media/00.%20floor%20plan%20prespective/00.%20floor%20plan%20prespective.jpg" length="77477" type="image/jpeg"/>
      <iphoto:thumbnail>http://www.tourtouras.info/T3/investments_a_nikokleous_files/Media/00.%20floor%20plan%20prespective/thumb.jpg</iphoto:thumbnail>
      <iweb:micro>http://www.tourtouras.info/T3/investments_a_nikokleous_files/Media/00.%20floor%20plan%20prespective/micro.jpg</iweb:micro>
      <iweb:richTitle>&lt;div style=&quot;padding: 0px; &quot; class=&quot;image_cluster_layout_style_default_External_135_15&quot;&gt;&lt;div class=&quot;image_cluster_layout_style_default&quot;&gt;&lt;p style=&quot;padding-bottom: 0pt; padding-top: 0pt; &quot; class=&quot;Caption&quot;&gt;Προοπτική&lt;/p&gt;&lt;/div&gt;&lt;/div&gt;</iweb:richTitle>
    </item>
    <item>
      <title>Είσοδος σαλόνι, α</title>
      <link>http://www.tourtouras.info/T3/investments_a_nikokleous.html#2</link>
      <guid isPermaLink="false">784d3890-3d17-4a16-ac6c-d7c2dc24603a</guid>
      <enclosure url="http://www.tourtouras.info/T3/investments_a_nikokleous_files/Media/01.__a/01.__a.jpg" length="59252" type="image/jpeg"/>
      <iphoto:thumbnail>http://www.tourtouras.info/T3/investments_a_nikokleous_files/Media/01.__a/thumb.jpg</iphoto:thumbnail>
      <iweb:micro>http://www.tourtouras.info/T3/investments_a_nikokleous_files/Media/01.__a/micro.jpg</iweb:micro>
      <iweb:richTitle>&lt;div style=&quot;padding: 0px; &quot; class=&quot;image_cluster_layout_style_default_External_135_15&quot;&gt;&lt;div class=&quot;image_cluster_layout_style_default&quot;&gt;&lt;p style=&quot;padding-bottom: 0pt; padding-top: 0pt; &quot; class=&quot;Caption&quot;&gt;Είσοδος σαλόνι, α&lt;/p&gt;&lt;/div&gt;&lt;/div&gt;</iweb:richTitle>
    </item>
    <item>
      <title>Είσοδος σαλόνι, β</title>
      <link>http://www.tourtouras.info/T3/investments_a_nikokleous.html#3</link>
      <guid isPermaLink="false">fbe061df-3f1a-44b0-96e1-717c26aa3e9b</guid>
      <enclosure url="http://www.tourtouras.info/T3/investments_a_nikokleous_files/Media/01.__b/01.__b.jpg" length="61352" type="image/jpeg"/>
      <iphoto:thumbnail>http://www.tourtouras.info/T3/investments_a_nikokleous_files/Media/01.__b/thumb.jpg</iphoto:thumbnail>
      <iweb:micro>http://www.tourtouras.info/T3/investments_a_nikokleous_files/Media/01.__b/micro.jpg</iweb:micro>
      <iweb:richTitle>&lt;div style=&quot;padding: 0px; &quot; class=&quot;image_cluster_layout_style_default_External_135_15&quot;&gt;&lt;div class=&quot;image_cluster_layout_style_default&quot;&gt;&lt;p style=&quot;padding-bottom: 0pt; padding-top: 0pt; &quot; class=&quot;Caption&quot;&gt;Είσοδος σαλόνι, β&lt;/p&gt;&lt;/div&gt;&lt;/div&gt;</iweb:richTitle>
    </item>
    <item>
      <title>Είσοδος κουζίνα, α</title>
      <link>http://www.tourtouras.info/T3/investments_a_nikokleous.html#4</link>
      <guid isPermaLink="false">937eb9cc-7b10-4e0a-ae05-947bc1c06669</guid>
      <enclosure url="http://www.tourtouras.info/T3/investments_a_nikokleous_files/Media/02.%20__a/02.%20__a.jpg" length="57279" type="image/jpeg"/>
      <iphoto:thumbnail>http://www.tourtouras.info/T3/investments_a_nikokleous_files/Media/02.%20__a/thumb.jpg</iphoto:thumbnail>
      <iweb:micro>http://www.tourtouras.info/T3/investments_a_nikokleous_files/Media/02.%20__a/micro.jpg</iweb:micro>
      <iweb:richTitle>&lt;div style=&quot;padding: 0px; &quot; class=&quot;image_cluster_layout_style_default_External_135_15&quot;&gt;&lt;div class=&quot;image_cluster_layout_style_default&quot;&gt;&lt;p style=&quot;padding-bottom: 0pt; padding-top: 0pt; &quot; class=&quot;Caption&quot;&gt;Είσοδος κουζίνα, α&lt;/p&gt;&lt;/div&gt;&lt;/div&gt;</iweb:richTitle>
    </item>
    <item>
      <title>Είσοδος κουζίνα, β</title>
      <link>http://www.tourtouras.info/T3/investments_a_nikokleous.html#5</link>
      <guid isPermaLink="false">e430e701-e6aa-4715-8329-b29324dad5f9</guid>
      <enclosure url="http://www.tourtouras.info/T3/investments_a_nikokleous_files/Media/02.%20__b/02.%20__b.jpg" length="70700" type="image/jpeg"/>
      <iphoto:thumbnail>http://www.tourtouras.info/T3/investments_a_nikokleous_files/Media/02.%20__b/thumb.jpg</iphoto:thumbnail>
      <iweb:micro>http://www.tourtouras.info/T3/investments_a_nikokleous_files/Media/02.%20__b/micro.jpg</iweb:micro>
      <iweb:richTitle>&lt;div style=&quot;padding: 0px; &quot; class=&quot;image_cluster_layout_style_default_External_135_15&quot;&gt;&lt;div class=&quot;image_cluster_layout_style_default&quot;&gt;&lt;p style=&quot;padding-bottom: 0pt; padding-top: 0pt; &quot; class=&quot;Caption&quot;&gt;Είσοδος κουζίνα, β&lt;/p&gt;&lt;/div&gt;&lt;/div&gt;</iweb:richTitle>
    </item>
    <item>
      <title>Σαλόνι κουζίνα, α</title>
      <link>http://www.tourtouras.info/T3/investments_a_nikokleous.html#6</link>
      <guid isPermaLink="false">2b54f32a-8189-4c1a-bf73-3163ed828b38</guid>
      <enclosure url="http://www.tourtouras.info/T3/investments_a_nikokleous_files/Media/03.%20__a/03.%20__a.jpg" length="58769" type="image/jpeg"/>
      <iphoto:thumbnail>http://www.tourtouras.info/T3/investments_a_nikokleous_files/Media/03.%20__a/thumb.jpg</iphoto:thumbnail>
      <iweb:micro>http://www.tourtouras.info/T3/investments_a_nikokleous_files/Media/03.%20__a/micro.jpg</iweb:micro>
      <iweb:richTitle>&lt;div style=&quot;padding: 0px; &quot; class=&quot;image_cluster_layout_style_default_External_135_15&quot;&gt;&lt;div class=&quot;image_cluster_layout_style_default&quot;&gt;&lt;p style=&quot;padding-bottom: 0pt; padding-top: 0pt; &quot; class=&quot;Caption&quot;&gt;Σαλόνι κουζίνα, α&lt;/p&gt;&lt;/div&gt;&lt;/div&gt;</iweb:richTitle>
    </item>
    <item>
      <title>Σαλόνι κουζίνα, β</title>
      <link>http://www.tourtouras.info/T3/investments_a_nikokleous.html#7</link>
      <guid isPermaLink="false">21b0d278-1450-4985-ac6e-c6e13eda53ed</guid>
      <enclosure url="http://www.tourtouras.info/T3/investments_a_nikokleous_files/Media/03.%20__b/03.%20__b.jpg" length="61954" type="image/jpeg"/>
      <iphoto:thumbnail>http://www.tourtouras.info/T3/investments_a_nikokleous_files/Media/03.%20__b/thumb.jpg</iphoto:thumbnail>
      <iweb:micro>http://www.tourtouras.info/T3/investments_a_nikokleous_files/Media/03.%20__b/micro.jpg</iweb:micro>
      <iweb:richTitle>&lt;div style=&quot;padding: 0px; &quot; class=&quot;image_cluster_layout_style_default_External_135_15&quot;&gt;&lt;div class=&quot;image_cluster_layout_style_default&quot;&gt;&lt;p style=&quot;padding-bottom: 0pt; padding-top: 0pt; &quot; class=&quot;Caption&quot;&gt;Σαλόνι κουζίνα, β&lt;/p&gt;&lt;/div&gt;&lt;/div&gt;</iweb:richTitle>
    </item>
    <item>
      <title>Δωμάτιο, α</title>
      <link>http://www.tourtouras.info/T3/investments_a_nikokleous.html#8</link>
      <guid isPermaLink="false">1fb41443-f699-40a6-be16-329926a4d7b4</guid>
      <enclosure url="http://www.tourtouras.info/T3/investments_a_nikokleous_files/Media/04.%20_a/04.%20_a.jpg" length="54343" type="image/jpeg"/>
      <iphoto:thumbnail>http://www.tourtouras.info/T3/investments_a_nikokleous_files/Media/04.%20_a/thumb.jpg</iphoto:thumbnail>
      <iweb:micro>http://www.tourtouras.info/T3/investments_a_nikokleous_files/Media/04.%20_a/micro.jpg</iweb:micro>
      <iweb:richTitle>&lt;div style=&quot;padding: 0px; &quot; class=&quot;image_cluster_layout_style_default_External_135_15&quot;&gt;&lt;div class=&quot;image_cluster_layout_style_default&quot;&gt;&lt;p style=&quot;padding-bottom: 0pt; padding-top: 0pt; &quot; class=&quot;Caption&quot;&gt;Δωμάτιο, α&lt;/p&gt;&lt;/div&gt;&lt;/div&gt;</iweb:richTitle>
    </item>
    <item>
      <title>Δωμάτιο, β</title>
      <link>http://www.tourtouras.info/T3/investments_a_nikokleous.html#9</link>
      <guid isPermaLink="false">50dc15e1-3045-42c4-bb4e-9f5c261a7f49</guid>
      <enclosure url="http://www.tourtouras.info/T3/investments_a_nikokleous_files/Media/04.%20_b/04.%20_b.jpg" length="57186" type="image/jpeg"/>
      <iphoto:thumbnail>http://www.tourtouras.info/T3/investments_a_nikokleous_files/Media/04.%20_b/thumb.jpg</iphoto:thumbnail>
      <iweb:micro>http://www.tourtouras.info/T3/investments_a_nikokleous_files/Media/04.%20_b/micro.jpg</iweb:micro>
      <iweb:richTitle>&lt;div style=&quot;padding: 0px; &quot; class=&quot;image_cluster_layout_style_default_External_135_15&quot;&gt;&lt;div class=&quot;image_cluster_layout_style_default&quot;&gt;&lt;p style=&quot;padding-bottom: 0pt; padding-top: 0pt; &quot; class=&quot;Caption&quot;&gt;Δωμάτιο, β&lt;/p&gt;&lt;/div&gt;&lt;/div&gt;</iweb:richTitle>
    </item>
    <item>
      <title>Κρεβατοκάμαρα, α</title>
      <link>http://www.tourtouras.info/T3/investments_a_nikokleous.html#10</link>
      <guid isPermaLink="false">1cdfbcd5-3eb2-4213-b4a9-4576e906412e</guid>
      <enclosure url="http://www.tourtouras.info/T3/investments_a_nikokleous_files/Media/05.%20_a/05.%20_a.jpg" length="55037" type="image/jpeg"/>
      <iphoto:thumbnail>http://www.tourtouras.info/T3/investments_a_nikokleous_files/Media/05.%20_a/thumb.jpg</iphoto:thumbnail>
      <iweb:micro>http://www.tourtouras.info/T3/investments_a_nikokleous_files/Media/05.%20_a/micro.jpg</iweb:micro>
      <iweb:richTitle>&lt;div style=&quot;padding: 0px; &quot; class=&quot;image_cluster_layout_style_default_External_135_15&quot;&gt;&lt;div class=&quot;image_cluster_layout_style_default&quot;&gt;&lt;p style=&quot;padding-bottom: 0pt; padding-top: 0pt; &quot; class=&quot;Caption&quot;&gt;Κρεβατοκάμαρα, α&lt;/p&gt;&lt;/div&gt;&lt;/div&gt;</iweb:richTitle>
    </item>
    <item>
      <title>Κρεβατοκάμαρα, β</title>
      <link>http://www.tourtouras.info/T3/investments_a_nikokleous.html#11</link>
      <guid isPermaLink="false">4e0b8589-3a82-49d7-8d3a-273cb03949d2</guid>
      <enclosure url="http://www.tourtouras.info/T3/investments_a_nikokleous_files/Media/05.%20_b/05.%20_b.jpg" length="64960" type="image/jpeg"/>
      <iphoto:thumbnail>http://www.tourtouras.info/T3/investments_a_nikokleous_files/Media/05.%20_b/thumb.jpg</iphoto:thumbnail>
      <iweb:micro>http://www.tourtouras.info/T3/investments_a_nikokleous_files/Media/05.%20_b/micro.jpg</iweb:micro>
      <iweb:richTitle>&lt;div style=&quot;padding: 0px; &quot; class=&quot;image_cluster_layout_style_default_External_135_15&quot;&gt;&lt;div class=&quot;image_cluster_layout_style_default&quot;&gt;&lt;p style=&quot;padding-bottom: 0pt; padding-top: 0pt; &quot; class=&quot;Caption&quot;&gt;Κρεβατοκάμαρα, β&lt;/p&gt;&lt;/div&gt;&lt;/div&gt;</iweb:richTitle>
    </item>
  </channel>
</rss>
