<?xml version="1.0" encoding="UTF-8"?>
<rss xmlns:iphoto="urn:iphoto:property" xmlns:iweb="http://www.apple.com/iweb" version="2.0">
  <channel>
    <title>portfolio_nikokleous</title>
    <link>http://www.tourtouras.info/T3/portfolio_nikokleous.html</link>
    <description>Έργα μας / Φωτογραφίες εργοταξίου - Eξέλιξη εργασιών

Παραθέτουμε μια ενδεικτική συλλογή φωτογραφιών που δείχνει την εξέλιξη του οικοδομικού έργου που επιλέξατε. Για μεγέθυνση των μικρογραφιών και μια γρήγορη παρουσίαση επιλέξτε τον υπερσύνδεσμο “Play Slideshow” και ακολουθήστε τις οδηγίες στην οθόνη σας.

--

Σημείωση: Οι φωτογραφίες διέπονται από την νομοθεσία περί πνευματικής ιδιοκτησίας και ως εκ τούτου δεν επιτρέπεται η χρήση τους παρά μόνο με έγγραφη άδεια του ιδιοκτήτη.




























































Τ3 Κατασκευή και Ανάπτυξη Τουρτούρας Β. Φόρη 2 Κοζάνη 501 00
T3 Construction and Development Tourtouras V. Fori 2 Kozani 50100
webmaster@tourtouras.info • όροι χρήσης</description>
    <item>
      <link>http://www.tourtouras.info/T3/portfolio_nikokleous.html#0</link>
      <guid isPermaLink="false">c327e674-5a8a-44d0-b817-8d5e91db3dbb</guid>
      <enclosure url="http://www.tourtouras.info/T3/portfolio_nikokleous_files/Media/IMG_0331/IMG_0331.jpg" length="84828" type="image/jpeg"/>
      <iphoto:thumbnail>http://www.tourtouras.info/T3/portfolio_nikokleous_files/Media/IMG_0331/thumb.jpg</iphoto:thumbnail>
      <iweb:micro>http://www.tourtouras.info/T3/portfolio_nikokleous_files/Media/IMG_0331/micro.jpg</iweb:micro>
    </item>
    <item>
      <link>http://www.tourtouras.info/T3/portfolio_nikokleous.html#1</link>
      <guid isPermaLink="false">cf327131-2da7-4d17-9eaa-29a27af9fa31</guid>
      <enclosure url="http://www.tourtouras.info/T3/portfolio_nikokleous_files/Media/IMG_1069/IMG_1069.jpg" length="133258" type="image/jpeg"/>
      <iphoto:thumbnail>http://www.tourtouras.info/T3/portfolio_nikokleous_files/Media/IMG_1069/thumb.jpg</iphoto:thumbnail>
      <iweb:micro>http://www.tourtouras.info/T3/portfolio_nikokleous_files/Media/IMG_1069/micro.jpg</iweb:micro>
    </item>
    <item>
      <link>http://www.tourtouras.info/T3/portfolio_nikokleous.html#2</link>
      <guid isPermaLink="false">8a508d89-3c8d-4794-b752-4545a21967d1</guid>
      <enclosure url="http://www.tourtouras.info/T3/portfolio_nikokleous_files/Media/IMG_1092/IMG_1092.jpg" length="136652" type="image/jpeg"/>
      <iphoto:thumbnail>http://www.tourtouras.info/T3/portfolio_nikokleous_files/Media/IMG_1092/thumb.jpg</iphoto:thumbnail>
      <iweb:micro>http://www.tourtouras.info/T3/portfolio_nikokleous_files/Media/IMG_1092/micro.jpg</iweb:micro>
    </item>
    <item>
      <link>http://www.tourtouras.info/T3/portfolio_nikokleous.html#3</link>
      <guid isPermaLink="false">b7c34cf6-c6d6-4d08-a456-41f676a61c7e</guid>
      <enclosure url="http://www.tourtouras.info/T3/portfolio_nikokleous_files/Media/IMG_1097/IMG_1097.jpg" length="140563" type="image/jpeg"/>
      <iphoto:thumbnail>http://www.tourtouras.info/T3/portfolio_nikokleous_files/Media/IMG_1097/thumb.jpg</iphoto:thumbnail>
      <iweb:micro>http://www.tourtouras.info/T3/portfolio_nikokleous_files/Media/IMG_1097/micro.jpg</iweb:micro>
    </item>
    <item>
      <link>http://www.tourtouras.info/T3/portfolio_nikokleous.html#4</link>
      <guid isPermaLink="false">967489fe-f5a6-44ae-93c7-0d12f06b8714</guid>
      <enclosure url="http://www.tourtouras.info/T3/portfolio_nikokleous_files/Media/IMG_1158/IMG_1158.jpg" length="110701" type="image/jpeg"/>
      <iphoto:thumbnail>http://www.tourtouras.info/T3/portfolio_nikokleous_files/Media/IMG_1158/thumb.jpg</iphoto:thumbnail>
      <iweb:micro>http://www.tourtouras.info/T3/portfolio_nikokleous_files/Media/IMG_1158/micro.jpg</iweb:micro>
    </item>
    <item>
      <link>http://www.tourtouras.info/T3/portfolio_nikokleous.html#5</link>
      <guid isPermaLink="false">ec7521bd-f864-4a96-9681-f973f7f24bfd</guid>
      <enclosure url="http://www.tourtouras.info/T3/portfolio_nikokleous_files/Media/IMG_1255/IMG_1255.jpg" length="126538" type="image/jpeg"/>
      <iphoto:thumbnail>http://www.tourtouras.info/T3/portfolio_nikokleous_files/Media/IMG_1255/thumb.jpg</iphoto:thumbnail>
      <iweb:micro>http://www.tourtouras.info/T3/portfolio_nikokleous_files/Media/IMG_1255/micro.jpg</iweb:micro>
    </item>
    <item>
      <link>http://www.tourtouras.info/T3/portfolio_nikokleous.html#6</link>
      <guid isPermaLink="false">4c7f0b42-f0d9-4d35-a135-ae8dcdf8cead</guid>
      <enclosure url="http://www.tourtouras.info/T3/portfolio_nikokleous_files/Media/IMG_1383/IMG_1383.jpg" length="130332" type="image/jpeg"/>
      <iphoto:thumbnail>http://www.tourtouras.info/T3/portfolio_nikokleous_files/Media/IMG_1383/thumb.jpg</iphoto:thumbnail>
      <iweb:micro>http://www.tourtouras.info/T3/portfolio_nikokleous_files/Media/IMG_1383/micro.jpg</iweb:micro>
    </item>
    <item>
      <link>http://www.tourtouras.info/T3/portfolio_nikokleous.html#7</link>
      <guid isPermaLink="false">9a89ebfa-17b6-4eb7-a718-8e6b44709ed5</guid>
      <enclosure url="http://www.tourtouras.info/T3/portfolio_nikokleous_files/Media/IMG_1421/IMG_1421.jpg" length="133501" type="image/jpeg"/>
      <iphoto:thumbnail>http://www.tourtouras.info/T3/portfolio_nikokleous_files/Media/IMG_1421/thumb.jpg</iphoto:thumbnail>
      <iweb:micro>http://www.tourtouras.info/T3/portfolio_nikokleous_files/Media/IMG_1421/micro.jpg</iweb:micro>
    </item>
    <item>
      <link>http://www.tourtouras.info/T3/portfolio_nikokleous.html#8</link>
      <guid isPermaLink="false">86de7ebb-394c-458a-9c4a-0e06f9fa55d3</guid>
      <enclosure url="http://www.tourtouras.info/T3/portfolio_nikokleous_files/Media/IMG_1487/IMG_1487.jpg" length="120731" type="image/jpeg"/>
      <iphoto:thumbnail>http://www.tourtouras.info/T3/portfolio_nikokleous_files/Media/IMG_1487/thumb.jpg</iphoto:thumbnail>
      <iweb:micro>http://www.tourtouras.info/T3/portfolio_nikokleous_files/Media/IMG_1487/micro.jpg</iweb:micro>
    </item>
    <item>
      <link>http://www.tourtouras.info/T3/portfolio_nikokleous.html#9</link>
      <guid isPermaLink="false">ecdba7c3-52f5-49b2-9938-8eb13a5c1476</guid>
      <enclosure url="http://www.tourtouras.info/T3/portfolio_nikokleous_files/Media/IMG_1592/IMG_1592.jpg" length="121577" type="image/jpeg"/>
      <iphoto:thumbnail>http://www.tourtouras.info/T3/portfolio_nikokleous_files/Media/IMG_1592/thumb.jpg</iphoto:thumbnail>
      <iweb:micro>http://www.tourtouras.info/T3/portfolio_nikokleous_files/Media/IMG_1592/micro.jpg</iweb:micro>
    </item>
    <item>
      <link>http://www.tourtouras.info/T3/portfolio_nikokleous.html#10</link>
      <guid isPermaLink="false">3ecfe038-0254-4e1d-a831-9abb054bb3f0</guid>
      <enclosure url="http://www.tourtouras.info/T3/portfolio_nikokleous_files/Media/IMG_1661/IMG_1661.jpg" length="113397" type="image/jpeg"/>
      <iphoto:thumbnail>http://www.tourtouras.info/T3/portfolio_nikokleous_files/Media/IMG_1661/thumb.jpg</iphoto:thumbnail>
      <iweb:micro>http://www.tourtouras.info/T3/portfolio_nikokleous_files/Media/IMG_1661/micro.jpg</iweb:micro>
    </item>
    <item>
      <link>http://www.tourtouras.info/T3/portfolio_nikokleous.html#11</link>
      <guid isPermaLink="false">2b3323e9-38ee-4a2a-bba3-c56a5000ad4e</guid>
      <enclosure url="http://www.tourtouras.info/T3/portfolio_nikokleous_files/Media/IMG_1701/IMG_1701.jpg" length="132580" type="image/jpeg"/>
      <iphoto:thumbnail>http://www.tourtouras.info/T3/portfolio_nikokleous_files/Media/IMG_1701/thumb.jpg</iphoto:thumbnail>
      <iweb:micro>http://www.tourtouras.info/T3/portfolio_nikokleous_files/Media/IMG_1701/micro.jpg</iweb:micro>
    </item>
    <item>
      <link>http://www.tourtouras.info/T3/portfolio_nikokleous.html#12</link>
      <guid isPermaLink="false">0b49d0ef-6591-4d29-82bc-01b00c8c84e3</guid>
      <enclosure url="http://www.tourtouras.info/T3/portfolio_nikokleous_files/Media/IMG_1717/IMG_1717.jpg" length="150430" type="image/jpeg"/>
      <iphoto:thumbnail>http://www.tourtouras.info/T3/portfolio_nikokleous_files/Media/IMG_1717/thumb.jpg</iphoto:thumbnail>
      <iweb:micro>http://www.tourtouras.info/T3/portfolio_nikokleous_files/Media/IMG_1717/micro.jpg</iweb:micro>
    </item>
    <item>
      <link>http://www.tourtouras.info/T3/portfolio_nikokleous.html#13</link>
      <guid isPermaLink="false">873edf7c-d825-4447-a3e5-d0fdbc4b01c5</guid>
      <enclosure url="http://www.tourtouras.info/T3/portfolio_nikokleous_files/Media/IMG_1780/IMG_1780.jpg" length="128164" type="image/jpeg"/>
      <iphoto:thumbnail>http://www.tourtouras.info/T3/portfolio_nikokleous_files/Media/IMG_1780/thumb.jpg</iphoto:thumbnail>
      <iweb:micro>http://www.tourtouras.info/T3/portfolio_nikokleous_files/Media/IMG_1780/micro.jpg</iweb:micro>
    </item>
    <item>
      <link>http://www.tourtouras.info/T3/portfolio_nikokleous.html#14</link>
      <guid isPermaLink="false">01f0cfe2-5d77-4355-9081-524311e777a1</guid>
      <enclosure url="http://www.tourtouras.info/T3/portfolio_nikokleous_files/Media/IMG_1806/IMG_1806.jpg" length="130141" type="image/jpeg"/>
      <iphoto:thumbnail>http://www.tourtouras.info/T3/portfolio_nikokleous_files/Media/IMG_1806/thumb.jpg</iphoto:thumbnail>
      <iweb:micro>http://www.tourtouras.info/T3/portfolio_nikokleous_files/Media/IMG_1806/micro.jpg</iweb:micro>
    </item>
    <item>
      <link>http://www.tourtouras.info/T3/portfolio_nikokleous.html#15</link>
      <guid isPermaLink="false">d2652d78-bfc0-4d16-9866-f80147ad39fc</guid>
      <enclosure url="http://www.tourtouras.info/T3/portfolio_nikokleous_files/Media/IMG_1888/IMG_1888.jpg" length="119532" type="image/jpeg"/>
      <iphoto:thumbnail>http://www.tourtouras.info/T3/portfolio_nikokleous_files/Media/IMG_1888/thumb.jpg</iphoto:thumbnail>
      <iweb:micro>http://www.tourtouras.info/T3/portfolio_nikokleous_files/Media/IMG_1888/micro.jpg</iweb:micro>
    </item>
    <item>
      <link>http://www.tourtouras.info/T3/portfolio_nikokleous.html#16</link>
      <guid isPermaLink="false">160d88c8-1569-4321-9ae0-43c0fb285fa5</guid>
      <enclosure url="http://www.tourtouras.info/T3/portfolio_nikokleous_files/Media/IMG_0048/IMG_0048.jpg" length="107487" type="image/jpeg"/>
      <iphoto:thumbnail>http://www.tourtouras.info/T3/portfolio_nikokleous_files/Media/IMG_0048/thumb.jpg</iphoto:thumbnail>
      <iweb:micro>http://www.tourtouras.info/T3/portfolio_nikokleous_files/Media/IMG_0048/micro.jpg</iweb:micro>
    </item>
    <item>
      <link>http://www.tourtouras.info/T3/portfolio_nikokleous.html#17</link>
      <guid isPermaLink="false">a371f6b4-d6f9-4af7-a281-ca2b734f06ba</guid>
      <enclosure url="http://www.tourtouras.info/T3/portfolio_nikokleous_files/Media/IMG_1296/IMG_1296.jpg" length="103088" type="image/jpeg"/>
      <iphoto:thumbnail>http://www.tourtouras.info/T3/portfolio_nikokleous_files/Media/IMG_1296/thumb.jpg</iphoto:thumbnail>
      <iweb:micro>http://www.tourtouras.info/T3/portfolio_nikokleous_files/Media/IMG_1296/micro.jpg</iweb:micro>
    </item>
    <item>
      <link>http://www.tourtouras.info/T3/portfolio_nikokleous.html#18</link>
      <guid isPermaLink="false">ccf4d74a-a0c6-4b83-8f79-101795ec747f</guid>
      <enclosure url="http://www.tourtouras.info/T3/portfolio_nikokleous_files/Media/IMG_1323/IMG_1323.jpg" length="117397" type="image/jpeg"/>
      <iphoto:thumbnail>http://www.tourtouras.info/T3/portfolio_nikokleous_files/Media/IMG_1323/thumb.jpg</iphoto:thumbnail>
      <iweb:micro>http://www.tourtouras.info/T3/portfolio_nikokleous_files/Media/IMG_1323/micro.jpg</iweb:micro>
    </item>
    <item>
      <link>http://www.tourtouras.info/T3/portfolio_nikokleous.html#19</link>
      <guid isPermaLink="false">3b16dba0-2492-4d4a-b58b-34c50e156cc5</guid>
      <enclosure url="http://www.tourtouras.info/T3/portfolio_nikokleous_files/Media/IMG_1397/IMG_1397.jpg" length="107297" type="image/jpeg"/>
      <iphoto:thumbnail>http://www.tourtouras.info/T3/portfolio_nikokleous_files/Media/IMG_1397/thumb.jpg</iphoto:thumbnail>
      <iweb:micro>http://www.tourtouras.info/T3/portfolio_nikokleous_files/Media/IMG_1397/micro.jpg</iweb:micro>
    </item>
    <item>
      <link>http://www.tourtouras.info/T3/portfolio_nikokleous.html#20</link>
      <guid isPermaLink="false">720d7a53-5e59-4506-a665-9944c498afb7</guid>
      <enclosure url="http://www.tourtouras.info/T3/portfolio_nikokleous_files/Media/IMG_1398/IMG_1398.jpg" length="107187" type="image/jpeg"/>
      <iphoto:thumbnail>http://www.tourtouras.info/T3/portfolio_nikokleous_files/Media/IMG_1398/thumb.jpg</iphoto:thumbnail>
      <iweb:micro>http://www.tourtouras.info/T3/portfolio_nikokleous_files/Media/IMG_1398/micro.jpg</iweb:micro>
    </item>
    <item>
      <link>http://www.tourtouras.info/T3/portfolio_nikokleous.html#21</link>
      <guid isPermaLink="false">1150107d-f0d0-4c5d-8e11-27ca696a49f8</guid>
      <enclosure url="http://www.tourtouras.info/T3/portfolio_nikokleous_files/Media/IMG_1533/IMG_1533.jpg" length="110392" type="image/jpeg"/>
      <iphoto:thumbnail>http://www.tourtouras.info/T3/portfolio_nikokleous_files/Media/IMG_1533/thumb.jpg</iphoto:thumbnail>
      <iweb:micro>http://www.tourtouras.info/T3/portfolio_nikokleous_files/Media/IMG_1533/micro.jpg</iweb:micro>
    </item>
    <item>
      <link>http://www.tourtouras.info/T3/portfolio_nikokleous.html#22</link>
      <guid isPermaLink="false">a2303565-bb7d-40c4-ba8b-22dbc690aa93</guid>
      <enclosure url="http://www.tourtouras.info/T3/portfolio_nikokleous_files/Media/IMG_1553/IMG_1553.jpg" length="113481" type="image/jpeg"/>
      <iphoto:thumbnail>http://www.tourtouras.info/T3/portfolio_nikokleous_files/Media/IMG_1553/thumb.jpg</iphoto:thumbnail>
      <iweb:micro>http://www.tourtouras.info/T3/portfolio_nikokleous_files/Media/IMG_1553/micro.jpg</iweb:micro>
    </item>
    <item>
      <link>http://www.tourtouras.info/T3/portfolio_nikokleous.html#23</link>
      <guid isPermaLink="false">43508a46-d391-492a-9619-182efcc0c39a</guid>
      <enclosure url="http://www.tourtouras.info/T3/portfolio_nikokleous_files/Media/IMG_1566/IMG_1566.jpg" length="104394" type="image/jpeg"/>
      <iphoto:thumbnail>http://www.tourtouras.info/T3/portfolio_nikokleous_files/Media/IMG_1566/thumb.jpg</iphoto:thumbnail>
      <iweb:micro>http://www.tourtouras.info/T3/portfolio_nikokleous_files/Media/IMG_1566/micro.jpg</iweb:micro>
    </item>
    <item>
      <link>http://www.tourtouras.info/T3/portfolio_nikokleous.html#24</link>
      <guid isPermaLink="false">f952c0f4-99c1-4fcb-9722-dd8d891aa6a2</guid>
      <enclosure url="http://www.tourtouras.info/T3/portfolio_nikokleous_files/Media/IMG_2348/IMG_2348.jpg" length="96949" type="image/jpeg"/>
      <iphoto:thumbnail>http://www.tourtouras.info/T3/portfolio_nikokleous_files/Media/IMG_2348/thumb.jpg</iphoto:thumbnail>
      <iweb:micro>http://www.tourtouras.info/T3/portfolio_nikokleous_files/Media/IMG_2348/micro.jpg</iweb:micro>
    </item>
    <item>
      <link>http://www.tourtouras.info/T3/portfolio_nikokleous.html#25</link>
      <guid isPermaLink="false">f786bd8f-ea4f-4fb5-8718-dfbca47ca998</guid>
      <enclosure url="http://www.tourtouras.info/T3/portfolio_nikokleous_files/Media/IMG_2542/IMG_2542.jpg" length="76939" type="image/jpeg"/>
      <iphoto:thumbnail>http://www.tourtouras.info/T3/portfolio_nikokleous_files/Media/IMG_2542/thumb.jpg</iphoto:thumbnail>
      <iweb:micro>http://www.tourtouras.info/T3/portfolio_nikokleous_files/Media/IMG_2542/micro.jpg</iweb:micro>
    </item>
    <item>
      <link>http://www.tourtouras.info/T3/portfolio_nikokleous.html#26</link>
      <guid isPermaLink="false">ccf49c5d-a08c-4719-9b2f-74bb2267de9a</guid>
      <enclosure url="http://www.tourtouras.info/T3/portfolio_nikokleous_files/Media/IMG_2942/IMG_2942.jpg" length="87913" type="image/jpeg"/>
      <iphoto:thumbnail>http://www.tourtouras.info/T3/portfolio_nikokleous_files/Media/IMG_2942/thumb.jpg</iphoto:thumbnail>
      <iweb:micro>http://www.tourtouras.info/T3/portfolio_nikokleous_files/Media/IMG_2942/micro.jpg</iweb:micro>
    </item>
    <item>
      <link>http://www.tourtouras.info/T3/portfolio_nikokleous.html#27</link>
      <guid isPermaLink="false">92cfea16-8daf-4255-9497-c351f9765be8</guid>
      <enclosure url="http://www.tourtouras.info/T3/portfolio_nikokleous_files/Media/IMG_3375/IMG_3375.jpg" length="85638" type="image/jpeg"/>
      <iphoto:thumbnail>http://www.tourtouras.info/T3/portfolio_nikokleous_files/Media/IMG_3375/thumb.jpg</iphoto:thumbnail>
      <iweb:micro>http://www.tourtouras.info/T3/portfolio_nikokleous_files/Media/IMG_3375/micro.jpg</iweb:micro>
    </item>
    <item>
      <link>http://www.tourtouras.info/T3/portfolio_nikokleous.html#28</link>
      <guid isPermaLink="false">69cdb9d8-799b-4432-afa8-09c2e230805c</guid>
      <enclosure url="http://www.tourtouras.info/T3/portfolio_nikokleous_files/Media/IMG_4798/IMG_4798.jpg" length="104943" type="image/jpeg"/>
      <iphoto:thumbnail>http://www.tourtouras.info/T3/portfolio_nikokleous_files/Media/IMG_4798/thumb.jpg</iphoto:thumbnail>
      <iweb:micro>http://www.tourtouras.info/T3/portfolio_nikokleous_files/Media/IMG_4798/micro.jpg</iweb:micro>
    </item>
  </channel>
</rss>
